{
  "experiment_id": 1,
  "episode_count": 221,
  "total_steps": 12294,
  "total_training_steps": 10112,
  "rewards": [
    -9.202051860666483,
    -6.767208330481267,
    -7.912099367740194,
    -5.805805809014586,
    19.69750799830596,
    -7.755097026282268,
    6.230477168017199,
    -9.864334498598403,
    -8.74263911740081,
    -9.334383646468522,
    -6.288560338338791,
    -3.6062840683222426,
    -5.847903359868795,
    15.553309163611207,
    -1.9200041632741804,
    1.8751245327819426,
    -4.926979562114438,
    -9.196777342956455,
    -8.4016542583365,
    -7.310555039669489,
    -9.009433883520405,
    -9.234566889200096,
    -6.5177461185830055,
    24.74111588420716,
    17.464220192943248,
    -6.884107150364713,
    -9.886026524074083,
    -9.733934100439804,
    -9.194529794297129,
    -9.199437683777617,
    -0.030958026689106077,
    -3.107663610279843,
    -7.882294596548583,
    18.76236763887321,
    -7.925494145851985,
    -9.79982539187688,
    4.109029678631373,
    -6.768336369662799,
    -9.383787138869522,
    -9.264869021589654,
    -2.066423191253108,
    -9.297423643004038,
    -8.318697741530535,
    -9.731669415302122,
    15.605064894085798,
    2.276234515008716,
    -9.2145145020462,
    -7.403788659534779,
    29.805211846130742,
    -9.999528249292394,
    -8.801868874348287,
    -5.03426424178431,
    -6.478971036789137,
    -8.633513249173582,
    -8.643857835750278,
    -8.10658920932571,
    13.770138640033728,
    -3.511068809991764,
    -8.545918823774262,
    21.050972870344054,
    -6.1369250865894465,
    -7.546594096537316,
    -9.706422867684433,
    17.600976144804044,
    -6.966035665434095,
    -9.59247523467365,
    -9.417682685276478,
    -8.881783003971165,
    -5.7405510154277675,
    -8.670541953619441,
    -7.545655740381186,
    -9.279631198441935,
    -8.477858179941352,
    -3.147032317894867,
    -6.063507327837835,
    20.093724897536063,
    19.757131631192294,
    -4.538856222547762,
    16.539999749443204,
    -9.52354676360003,
    23.192868336830593,
    -9.748199836889125,
    -8.878313826164767,
    -9.69300481208941,
    -5.206744586579093,
    -6.033549940768395,
    -9.49764701439652,
    -9.237559941113823,
    -8.546113225009066,
    29.489112904671195,
    -6.6648635392175235,
    24.22547876437356,
    -9.829452724188897,
    23.23856737493183,
    -5.797188918983769,
    29.77020457763898,
    -7.148355188752873,
    -9.596961310292315,
    -9.933209542941672,
    -9.992197993944451,
    -6.935298847828333,
    -11.344877063391069,
    -10.833273059392067,
    -6.850899539692696,
    -7.0958481538486815,
    -6.637340058561449,
    -10.482783576614892,
    -10.163733422571102,
    -10.744970378498728,
    -9.744309521297495,
    -9.111129676103658,
    1.5779540546409123,
    -9.767125307493654,
    -13.34881203539635,
    -8.698322804562629,
    -9.307135137609535,
    -11.997289425900185,
    -7.300105403475062,
    1.6293983750394823,
    -10.282894620186259,
    -12.99148550094651,
    -8.553707579143136,
    -9.750057363603887,
    -12.10253149660979,
    1.5303671156722394,
    -9.72077780240867,
    -9.893601521057313,
    -9.823129858848482,
    -10.361502901920232,
    -7.864834894852732,
    -9.629829349337413,
    -13.404152838188708,
    -9.85145566215773,
    -10.272214836550514,
    -10.0,
    -7.950019844642817,
    -4.399994545112234,
    -10.216708926382644,
    -11.949615352140789,
    -9.829366766618126,
    -10.127934614847643,
    -12.473751110071907,
    -10.522544668886734,
    -10.404288942105433,
    -10.606708642403156,
    -10.976955795270207,
    -7.295826328614822,
    -10.947150142293562,
    -11.086996019053522,
    -10.0,
    -8.576018335867179,
    -10.157584362529011,
    -12.973210944017389,
    -12.75555811806505,
    -10.018553970387174,
    -7.31772098658529,
    -12.124078815104703,
    -7.4727233042884045,
    -9.113029003033652,
    -7.626558975850273,
    4.979031653420357,
    -1.1081165796932595,
    3.4151292157122786,
    1.7029659614937316,
    -0.3798677898541172,
    -10.390229637334258,
    -15.672007023574125,
    -10.110408364301627,
    3.201838791945111,
    -2.0015397079105455,
    1.0526224427100388,
    1.2665774141260737,
    14.257489390181252,
    -6.607701046213345,
    3.1877571558639097,
    3.0019586788872434,
    -0.8549972607937568,
    -2.879247450360161,
    1.2254865560868922,
    0.7959034364445401,
    9.497568524556886,
    -10.05307688628037,
    27.257465933341386,
    23.62800191419231,
    15.250266874845755,
    -2.494590053477226,
    -9.903929263559192,
    18.843546628634634,
    -2.950638451861611,
    4.505157098684052,
    0.025320875746981386,
    23.06864220483054,
    -3.725776183752995,
    -10.0,
    -6.630304239513045,
    7.7625895923941854,
    23.21293281086095,
    -10.212553944154548,
    -0.1127324975108337,
    -0.083300929682121,
    21.753620267590087,
    -9.712829560943824,
    18.159261779207036,
    -7.186178573848721,
    27.041604410957813,
    15.135988229243123,
    19.242119997837122,
    7.570379731631924,
    14.229905962787267,
    4.434940832724154,
    4.292709329097267,
    8.483235748845512,
    15.511790521716788,
    15.198912618484952,
    -7.6489702426396615,
    -6.30218657819988,
    -9.418653551778776,
    21.51795769623046,
    17.151381001837642,
    -9.695355163703255,
    45.59513619414105
  ],
  "steps": [
    5,
    9,
    7,
    15,
    16,
    15,
    74,
    2,
    6,
    10,
    14,
    34,
    34,
    56,
    14,
    66,
    33,
    7,
    6,
    9,
    4,
    6,
    19,
    33,
    17,
    29,
    2,
    7,
    3,
    4,
    66,
    28,
    7,
    34,
    16,
    6,
    159,
    8,
    3,
    3,
    76,
    4,
    6,
    3,
    14,
    210,
    4,
    6,
    29,
    5,
    5,
    57,
    9,
    7,
    12,
    16,
    8,
    33,
    4,
    45,
    14,
    6,
    4,
    14,
    6,
    3,
    4,
    8,
    11,
    23,
    19,
    7,
    12,
    43,
    9,
    15,
    26,
    14,
    99,
    4,
    47,
    2,
    18,
    3,
    24,
    15,
    3,
    8,
    15,
    36,
    18,
    31,
    2,
    59,
    22,
    38,
    34,
    5,
    10,
    2,
    10,
    11,
    98,
    14,
    29,
    155,
    20,
    5,
    5,
    4,
    9,
    388,
    4,
    9,
    4,
    5,
    6,
    8,
    257,
    2,
    12,
    5,
    2,
    6,
    149,
    2,
    4,
    2,
    4,
    6,
    17,
    14,
    6,
    350,
    2,
    55,
    22,
    28,
    8,
    14,
    12,
    6,
    5,
    7,
    3,
    6,
    11,
    14,
    17,
    1,
    11,
    6,
    14,
    9,
    20,
    30,
    48,
    16,
    15,
    49,
    102,
    382,
    127,
    143,
    61,
    37,
    307,
    8,
    141,
    311,
    367,
    308,
    412,
    27,
    179,
    525,
    122,
    42,
    351,
    523,
    307,
    2,
    156,
    35,
    236,
    31,
    7,
    49,
    45,
    110,
    39,
    67,
    46,
    1,
    34,
    96,
    93,
    6,
    30,
    157,
    58,
    147,
    59,
    39,
    110,
    123,
    315,
    115,
    17,
    165,
    163,
    206,
    107,
    95,
    28,
    27,
    4,
    44,
    39,
    5,
    183
  ],